{"cluster_quality": [[163, 0.6605741816568947], [163, 0.7464794366207081], [163, 0.7810631663025596], [163, 0.8063797556243768], [163, 0.8137871800007084], [163, 0.8187867408455635], [163, 0.8272749889145062], [163, 0.8389209488585089], [163, 0.834406536706993], [163, 0.8325084585009151]], "losses": [[163, 10.224906404840034], [163, 9.826027239345585], [163, 9.539197370339345], [163, 9.458775449945222], [163, 9.412909937130896], [163, 9.373408922571222], [163, 9.336376319322218], [163, 9.300441106590938], [163, 9.265176004708096], [163, 9.231051042746593]], "params": {"assignment_output": "./output/assignments/politician.json", "embedding_output": "./output/embeddings/politician_embedding.csv", "cluster_number": 20, "dump_matrices": true, "lambd": 0.01, "batch_size": 256, "epochs": 10, "initial_learning_rate": 0.001, "log_output": "./output/logs/politician.json", "minimal_learning_rate": 1e-05, "input": "./data/politician_edges.csv", "annealing_factor": 1, "dimensions": 32}, "times": [[163, 0.30326223373413086], [163, 0.2815673351287842], [163, 0.2932586669921875], [163, 0.28496384620666504], [163, 0.2838113307952881], [163, 0.2863798141479492], [163, 0.28275322914123535], [163, 0.283733606338501], [163, 0.29158926010131836], [163, 0.2831389904022217]]}